1;password;User
2;pass;Payroll
3;password;Supervisor
4;password;Admin
5;password;Admin
6;password;Admin
7;password;User
8;password;User
9;password;User
10;password;User
11;password;User
12;password;User
13;password;User
14;password;User
15;password;User
16;password;User
17;password;User
18;password;User
19;password;User
20;password;User
21;password;User
22;password;User
23;password;User
24;password;User
25;password;User
26;password;User
27;password;User
28;password;User
29;password;User
30;password;User
31;password;User
32;password;User
33;password;User
34;password;User
